pair_id,field_kind,field_index,is_catalogued_companion,name,type,z,offset_arcmin
NGC4319-Mrk205,host,-1,False,XMM J12208+7518,QX,1.687000036239624,3.737813143745421
NGC4319-Mrk205,host,-1,False,XMM J12213+7516,KX,0.3400000035762787,3.4117095442434673
NGC4319-Mrk205,host,-1,True,MARK 205,ARX,0.07000000029802322,0.7132130268153768
NGC7603-NGC7603B,host,-1,False,2SLAQ J231840.26+001602.5,QX,1.3830000162124634,4.331967674532053
NGC7603-NGC7603B,host,-1,False,SDSS J231842.78+001231.0,Q,2.496000051498413,4.0623853220399955
NGC7603-NGC7603B,host,-1,False,SDSS J231854.55+001221.4,Q,2.4089999198913574,2.3344047182468493
NGC7603-NGC7603B,host,-1,False,2SLAQ J231856.30+001157.4,K,0.11800000071525574,2.677235756687918
NGC7603-NGC7603B,host,-1,False,2SLAQ J231900.82+001226.5,QX,1.3890000581741333,2.426070009193352
NGC7603-NGC7603B,control,0,False,SDSS J232133.52+013559.5,Q,1.281999945640564,4.49062517610464
NGC7603-NGC7603B,control,0,False,SDSS J232134.27+013152.9,Q,2.7279999256134033,4.0643906551359485
NGC7603-NGC7603B,control,0,False,SDSS J232135.78+013324.1,Q,0.9660000205039978,3.285671637993381
NGC7603-NGC7603B,control,0,False,SDSS J232143.50+012849.3,Q,1.8739999532699585,5.025767037238727
NGC7603-NGC7603B,control,0,False,SDSS J232152.72+013445.2,Q,1.7419999837875366,1.449094398643355
NGC7603-NGC7603B,control,0,False,SDSS J232152.84+013137.2,Q,1.9329999685287476,2.271578171866816
NGC7603-NGC7603B,control,1,False,SDSS J232413.76-001507.7,Q,1.4919999837875366,5.664268726707092
NGC7603-NGC7603B,control,1,False,2SLAQ J232418.62-001537.6,Q,2.127000093460083,4.47822675003424
NGC7603-NGC7603B,control,1,False,SDSS J232432.30-001449.5,Q,1.5640000104904175,1.069136564825525
NGC7603-NGC7603B,control,1,False,SDSS J232447.07-001903.0,Q,1.0839999914169312,4.750532511476115
NGC7603-NGC7603B,control,1,False,2SLAQ J232448.50-001834.3,Q,1.5579999685287476,4.588471117585805
NGC7603-NGC7603B,control,2,False,SDSS J231354.47+010608.7,Q,2.4709999561309814,5.640081581272136
NGC7603-NGC7603B,control,2,False,SDSS J231404.39+010233.8,Q,1.7699999809265137,4.569792414638409
NGC7603-NGC7603B,control,3,False,SDSS J232118.90-010723.8,Q,2.746000051498413,5.4501225912382285
NGC7603-NGC7603B,control,3,False,SDSS J232121.95-010656.2,Q,2.3510000705718994,4.585597953541785
NGC7603-NGC7603B,control,3,False,SDSS J232132.72-010727.8,Q,1.8209999799728394,2.503152080128104
NGC7603-NGC7603B,control,3,False,SDSS J232133.76-010645.8,QR2,2.0,1.8363623667006426
NGC7603-NGC7603B,control,3,False,SDSS J232140.49-010706.9,Q,1.0089999437332153,1.5064999909986496
NGC7603-NGC7603B,control,3,False,SDSS J232145.93-010351.4,Q,1.8229999542236328,2.3859476179056864
NGC7603-NGC7603B,control,3,False,SDSS J232147.15-010038.9,Q,2.177000045776367,5.330496595097044
NGC7603-NGC7603B,control,3,False,SDSS J232149.28-010208.9,Q,0.8069999814033508,4.249121598573901
NGC7603-NGC7603B,control,3,False,SDSS J232201.97-010357.2,Q,2.049999952316284,5.853172248713815
NGC7603-NGC7603B,control,4,False,SDSS J232333.77-003615.1,Q,2.2920000553131104,4.748566083724537
NGC7603-NGC7603B,control,4,False,SDSS J232352.94-003942.7,Q,3.5439999103546143,3.1459711756932363
NGC7603-NGC7603B,control,4,False,SDSS J232404.17-003511.9,Q,2.203000068664551,3.172203158759408
NGC7603-NGC7603B,control,6,False,SDSS J232152.72+013445.2,Q,1.7419999837875366,5.15504499428233
NGC7603-NGC7603B,control,6,False,SDSS J232152.84+013137.2,Q,1.9329999685287476,3.580386167221754
NGC7603-NGC7603B,control,6,False,SDSS J232207.97+012836.9,Q,1.6579999923706055,2.4239158826196294
NGC7603-NGC7603B,control,7,False,SDSS J232250.54+012229.3,Q,2.311000108718872,5.357887775806006
NGC7603-NGC7603B,control,7,False,SDSS J232257.99+012006.2,Q,1.4859999418258667,2.533688161288294
NGC7603-NGC7603B,control,7,False,SDSS J232300.31+012247.4,Q,1.9919999837875366,4.012836812085026
NGC7603-NGC7603B,control,7,False,SDSS J232309.23+011625.8,Q,2.2130000591278076,2.801461976887838
NGC7603-NGC7603B,control,7,False,SDSS J232310.06+011558.7,Q,1.1790000200271606,3.2819325717757613
NGC7603-NGC7603B,control,7,False,SDSS J232312.55+011845.9,Q,1.5449999570846558,1.345111933442971
NGC7603-NGC7603B,control,8,False,SDSS J231736.70+013734.0,Q,1.194000005722046,5.363890076685837
NGC7603-NGC7603B,control,9,False,SDSS J232357.06+005726.3,Q,1.184000015258789,4.079690423470685
NGC7603-NGC7603B,control,9,False,SDSS J232410.79+005852.1,Q,0.7639999985694885,2.5045209780723967
NGC7603-NGC7603B,control,9,False,SDSS J232411.61+010423.6,Q,1.649999976158142,3.778059503672966
NGC7603-NGC7603B,control,9,False,SDSS J232414.46+010225.3,Q,2.2709999084472656,2.7185138617621845
NGC7603-NGC7603B,control,9,False,SDSS J232416.61+010009.2,Q,2.4709999561309814,2.9399657618280433
NGC7603-NGC7603B,control,9,False,SDSS J232427.56+010208.8,Q,2.3540000915527344,5.69246339695274
NGC7603-NGC7603B,control,10,False,SDSS J231354.47+010608.7,Q,2.4709999561309814,3.890171885168732
NGC7603-NGC7603B,control,10,False,SDSS J231404.39+010233.8,Q,1.7699999809265137,5.752385135575669
NGC7603-NGC7603B,control,10,False,SDSS J231407.52+010512.9,Q,2.4630000591278076,3.0459901848644924
NGC7603-NGC7603B,control,10,False,SDSS J231425.61+011206.8,Q,3.0739998817443848,5.9361803748796635
NGC7603-NGC7603B,control,11,False,SDSS J232239.07+012711.4,Q,1.5789999961853027,2.50421086934539
NGC7603-NGC7603B,control,11,False,SDSS J232250.41+012452.5,Q,1.5470000505447388,2.0830224338236465
NGC7603-NGC7603B,control,11,False,SDSS J232250.54+012229.3,Q,2.311000108718872,3.1341148754847334
NGC7603-NGC7603B,control,11,False,SDSS J232259.44+012619.8,Q,1.1130000352859497,4.599167394356549
NGC7603-NGC7603B,control,11,False,SDSS J232300.31+012247.4,Q,1.9919999837875366,4.979448409699957
NGC3067-3C232,host,-1,True,3C 232,AR2X,0.531000018119812,1.8368011737955232
NGC3067-3C232,control,0,False,SDSS J095817.08+334728.3,Q,1.2269999980926514,4.85499250337169
NGC3067-3C232,control,0,False,SDSS J095823.85+334824.5,Q,1.0140000581741333,3.802892713768209
NGC3067-3C232,control,0,False,SDSS J095838.79+335253.7,Q,1.8799999952316284,3.478029423168973
NGC3067-3C232,control,1,False,SDSS J095120.86+320314.6,Q,2.450000047683716,3.7294152923505908
NGC3067-3C232,control,1,False,SDSS J095124.30+315746.4,Q,1.718999981880188,2.2352937096818644
NGC3067-3C232,control,1,False,SDSS J095131.70+315827.8,Q,1.3869999647140503,1.5753031410619456
NGC3067-3C232,control,1,False,SDSS J095139.41+320426.8,Q,1.281000018119812,5.173630206741333
NGC3067-3C232,control,2,False,SDSS J100220.14+333501.1,Q,1.7510000467300415,4.045637683704358
NGC3067-3C232,control,2,False,SDSS J100228.97+333529.9,A,0.5419999957084656,2.6046806780660487
NGC3067-3C232,control,2,False,SDSS J100229.78+332955.2,Q,1.6169999837875366,4.385431911777699
NGC3067-3C232,control,2,False,SDSS J100232.40+332817.7,Q,1.746999979019165,5.746462265107141
NGC3067-3C232,control,2,False,KUV 09597+3343,Q,1.3609999418258667,5.6929457252810645
NGC3067-3C232,control,3,False,SDSS J100326.08+331932.1,Q,2.3320000171661377,5.9618309263827465
NGC3067-3C232,control,3,False,SDSS J100344.92+332833.8,Q,1.8860000371932983,5.319318710140421
NGC3067-3C232,control,4,False,SDSS J100338.28+312957.5,Q,1.2549999952316284,5.108688715135473
NGC3067-3C232,control,4,False,SDSS J100346.37+312858.9,Q,1.8370000123977661,3.132722548122248
NGC3067-3C232,control,4,False,SDSS J100355.23+312822.6,Q,1.3600000143051147,1.3628793099970744
NGC3067-3C232,control,4,False,SDSS J100357.10+312609.1,Q,1.5889999866485596,1.0851824832232486
NGC3067-3C232,control,4,False,SDSS J100358.98+313009.0,Q,2.13100004196167,2.9534456322469813
NGC3067-3C232,control,4,False,SDSS J100411.71+312358.5,Q,1.6349999904632568,4.288536946117914
NGC3067-3C232,control,5,False,SDSS J095124.30+315746.4,Q,1.718999981880188,5.407017602934558
NGC3067-3C232,control,5,False,SDSS J095130.24+314813.0,A,0.5559999942779541,5.19076028834888
NGC3067-3C232,control,5,False,SDSS J095131.70+315827.8,Q,1.3869999647140503,5.446998397493165
NGC3067-3C232,control,5,False,SDSS J095137.43+314846.9,Q,2.128000020980835,4.382706537937605
NGC3067-3C232,control,6,False,SDSS J095234.43+332257.1,Q,0.8730000257492065,5.926370513945901
NGC3067-3C232,control,6,False,SDSS J095240.89+332118.3,Q,2.7750000953674316,4.549036510069857
NGC3067-3C232,control,6,False,SDSS J095243.01+331931.9,Q,2.0969998836517334,4.737098218590778
NGC3067-3C232,control,6,False,SDSS J095302.07+331637.3,Q,1.3519999980926514,5.355468891016651
NGC3067-3C232,control,6,False,SDSS J095320.66+331918.7,Q,1.621000051498413,4.646364650756775
NGC3067-3C232,control,7,False,SDSS J095120.86+320314.6,Q,2.450000047683716,1.8970847483793398
NGC3067-3C232,control,7,False,SDSS J095139.41+320426.8,Q,1.281000018119812,3.6226866932089705
NGC3067-3C232,control,7,False,SDSS J095149.16+320537.0,Q,1.1299999952316284,5.650313804954912
NGC3067-3C232,control,8,False,SDSS J100339.93+331556.0,Q,1.968000054359436,4.303904072491132
NGC3067-3C232,control,8,False,SDSS J100341.32+331336.4,Q,1.3860000371932983,5.025424007000485
NGC3067-3C232,control,8,False,SDSS J100355.83+331918.4,Q,1.7979999780654907,2.732799067720106
NGC3067-3C232,control,8,False,SDSS J100416.23+331336.3,QR,2.3340001106262207,4.586893934105788
NGC3067-3C232,control,9,False,SDSS J095615.78+305204.9,Q,1.906000018119812,5.383909985727681
NGC3067-3C232,control,9,False,SDSS J095618.86+305237.2,Q,1.1950000524520874,4.540878043548036
NGC3067-3C232,control,9,False,SDSS J095627.73+305043.5,Q,2.7170000076293945,4.6494474455570804
NGC3067-3C232,control,9,False,SDSS J095631.89+305515.4,Q,3.197999954223633,1.172876831800907
NGC3067-3C232,control,9,False,SDSS J095646.94+305249.1,Q,2.2829999923706055,2.974980776078735
NGC3067-3C232,control,10,False,SDSS J095748.86+304837.6,Q,2.134999990463257,5.03444289945078
NGC3067-3C232,control,10,False,SDSS J095750.38+305455.3,Q,1.156000018119812,4.125242851420618
NGC3067-3C232,control,10,False,SDSS J095757.21+305614.4,Q,2.427000045776367,4.321160775579272
NGC3067-3C232,control,10,False,SDSS J095758.94+305439.6,Q,2.134999990463257,2.7361704736065313
NGC3067-3C232,control,10,False,SDSS J095800.24+305648.8,Q,2.0260000228881836,4.666886665278595
NGC3067-3C232,control,10,False,SDSS J095831.69+305213.6,Q,1.5099999904632568,5.710032666231233
NGC3067-3C232,control,11,False,SDSS J100322.87+312712.7,Q,2.0869998931884766,5.8737193155251495
NGC3067-3C232,control,11,False,SDSS J100346.37+312858.9,Q,1.8370000123977661,5.389160037398377
NGC3067-3C232,control,11,False,SDSS J100355.23+312822.6,Q,1.3600000143051147,5.283225931650344
NGC3067-3C232,control,11,False,SDSS J100357.10+312609.1,Q,1.5889999866485596,3.6885390341915523
NGC3067-3C232,control,11,False,SDSS J100411.71+312358.5,Q,1.6349999904632568,5.797592390182862
NGC1073-QSOs,host,-1,False,SDSS J024323.93+012550.1,Q,1.9249999523162842,5.304161530390411
NGC1073-QSOs,host,-1,True,NGC 1073 U2,QX,0.5979999899864197,2.0237845645023786
NGC1073-QSOs,host,-1,True,NGC 1073 U1,QX,1.940999984741211,1.7739679833421285
NGC1073-QSOs,host,-1,True,PKS 0241+011,QRX,1.399999976158142,1.4187529823443914
NGC1073-QSOs,host,-1,False,SDSS J024359.93+012344.0,Q,1.3339999914169312,4.974568213263102
NGC1073-QSOs,control,0,False,SDSS J024710.68+023343.4,Q,1.1720000505447388,2.657854725574859
NGC1073-QSOs,control,0,False,SDSS J024713.23+023108.6,Q,1.225000023841858,5.3114951574708344
NGC1073-QSOs,control,0,False,SDSS J024717.71+024102.4,Q,0.9589999914169312,5.454065587406077
NGC1073-QSOs,control,0,False,SDSS J024720.94+024007.4,Q,0.8790000081062317,5.161008633001456
NGC1073-QSOs,control,0,False,SDSS J024727.44+023402.6,Q,2.4679999351501465,5.488510433598404
NGC1073-QSOs,control,1,False,SDSS J024920.71+012010.0,Q,2.572999954223633,5.656702527696563
NGC1073-QSOs,control,1,False,SDSS J024932.16+011506.3,Q,1.8530000448226929,2.9101364251440116
NGC1073-QSOs,control,1,False,Q 0247+0110,Q,1.031999945640564,5.747902698998984
NGC1073-QSOs,control,1,False,SDSS J024958.84+011338.7,Q,1.1759999990463257,5.910806220620873
NGC1073-QSOs,control,1,False,SDSS J025000.57+011952.1,Q,3.0989999771118164,5.756300064558708
NGC1073-QSOs,control,2,False,SDSS J023927.03+001653.8,QX,1.0119999647140503,1.2777005106945787
NGC1073-QSOs,control,3,False,SDSS J023733.61+010008.6,Q,1.6399999856948853,5.949669156536108
NGC1073-QSOs,control,3,False,SDSS J023749.33+005715.6,Q,3.578000068664551,1.3782836870599626
NGC1073-QSOs,control,3,False,SDSS J023755.45+005205.2,Q,1.8289999961853027,5.347873018577243
NGC1073-QSOs,control,3,False,SDSS J023755.56+005230.8,Q,1.5570000410079956,4.921945318096289
NGC1073-QSOs,control,4,False,SDSS J024725.94+001740.7,Q,2.265000104904175,4.533519688903278
NGC1073-QSOs,control,4,False,SDSS J024727.31+001651.3,Q,1.315999984741211,3.9491016412605697
NGC1073-QSOs,control,4,False,SDSS J024732.58+001740.1,Q,1.6030000448226929,3.0672878348940493
NGC1073-QSOs,control,4,False,SDSS J024738.79+001723.1,Q,1.0110000371932983,1.7565411608218071
NGC1073-QSOs,control,4,False,SDSS J024752.91+001542.3,Q,0.8339999914169312,2.57191398656994
NGC1073-QSOs,control,4,False,SDSS J024754.14+001645.2,Q,1.4570000171661377,2.9898532106714355
NGC1073-QSOs,control,4,False,SDSS J024757.67+001542.4,Q,2.4660000801086426,3.7608848892861197
NGC1073-QSOs,control,4,False,SVA1_COADD-2925392258,Q,1.5709999799728394,5.424852232688159
NGC1073-QSOs,control,5,False,Q 0245+0016,Q,1.031000018119812,4.03628905356826
NGC1073-QSOs,control,5,False,SDSS J024837.05+002447.1,Q,1.972000002861023,5.031387900773237
NGC1073-QSOs,control,5,False,SDSS J024841.35+002552.5,A,1.4550000429153442,4.450336509963974
NGC1073-QSOs,control,5,False,SDSS J024841.82+003044.8,Q,0.5950000286102295,2.705051548790206
NGC1073-QSOs,control,6,False,SDSS J024932.16+011506.3,Q,1.8530000448226929,2.051688144055897
NGC1073-QSOs,control,6,False,SDSS J024950.54+011054.3,A,0.48500001430511475,5.6886063568338905
NGC1073-QSOs,control,6,False,SDSS J024958.84+011338.7,Q,1.1759999990463257,5.288640259290009
NGC1073-QSOs,control,7,False,SDSS J023755.45+005205.2,Q,1.8289999961853027,2.5915355165458602
NGC1073-QSOs,control,7,False,SDSS J023755.56+005230.8,Q,1.5570000410079956,2.8375126594403586
NGC1073-QSOs,control,7,False,SDSS J023759.17+004928.6,Q,1.4459999799728394,1.6390585708166812
NGC1073-QSOs,control,7,False,SDSS J023805.20+004452.5,Q,2.00600004196167,5.735370323123695
NGC1073-QSOs,control,7,False,SDSS J023811.16+004809.8,Q,3.2960000038146973,3.0298039192776485
NGC1073-QSOs,control,7,False,SDSS J023812.29+004640.4,Q,1.9989999532699585,4.4471917576975795
NGC1073-QSOs,control,7,False,SDSS J023813.82+005023.9,Q,3.177999973297119,2.4766776495754304
NGC1073-QSOs,control,8,False,SDSS J024502.80-000419.9,Q,0.8650000095367432,4.610769580468801
NGC1073-QSOs,control,8,False,SDSS J024507.22-000232.6,Q,0.5669999718666077,3.7236573107342323
NGC1073-QSOs,control,8,False,SDSS J024510.19-000628.2,Q,2.125,3.7769086647532837
NGC1073-QSOs,control,8,False,SDSS J024510.37-000053.6,Q,2.9830000400543213,4.0127470338635245
NGC1073-QSOs,control,8,False,SDSS J024523.52-000744.3,QR,1.5440000295639038,3.9157362775201534
NGC1073-QSOs,control,8,False,SDSS J024525.70-000153.0,Q,2.9820001125335693,2.2879628617862973
NGC1073-QSOs,control,8,False,SDSS J024528.78-000801.3,Q,1.6119999885559082,4.571858449427442
NGC1073-QSOs,control,8,False,SDSS J024533.63-000705.4,Q,1.0529999732971191,4.486376599997054
NGC1073-QSOs,control,8,False,1WGA J0245.5-0007,QX,0.6539999842643738,4.987088418678111
NGC1073-QSOs,control,8,False,SDSS J024537.29-000454.8,Q,1.6959999799728394,4.170755355704321
NGC1073-QSOs,control,8,False,SDSS J024539.56-000010.0,Q,0.9819999933242798,5.906553449637767
NGC1073-QSOs,control,8,False,SDSS J024540.97-000220.7,Q,1.7289999723434448,5.184833374845771
NGC1073-QSOs,control,9,False,SDSS J024438.58+024858.8,Q,1.1660000085830688,2.3742112066542633
NGC1073-QSOs,control,9,False,SDSS J024446.84+025012.6,Q,1.1169999837875366,1.806021691192715
NGC1073-QSOs,control,9,False,SDSS J024451.60+024608.5,Q,1.4290000200271606,5.776787549053336
NGC1073-QSOs,control,10,False,US 3204,Q,0.9539999961853027,2.5488719588609383
NGC1073-QSOs,control,10,False,SDSS J024928.88+011014.8,Q,1.378999948501587,2.226759150943816
NGC1073-QSOs,control,10,False,SDSS J024932.16+011506.3,Q,1.8530000448226929,4.577417244486154
NGC1073-QSOs,control,10,False,SDSS J024950.54+011054.3,A,0.48500001430511475,3.2456297158887093
NGC1073-QSOs,control,10,False,SDSS J024957.55+011032.7,Q,1.6360000371932983,4.995546092904178
NGC1073-QSOs,control,11,False,SDSS J024813.82+021845.9,Q,1.3880000114440918,1.609472759743555
NGC1073-QSOs,control,11,False,SDSS J024816.39+022134.4,Q,2.0980000495910645,2.312770992208965
NGC1073-QSOs,control,11,False,SDSS J024819.74+022522.8,Q,2.122999906539917,5.964462819713647
NGC1073-QSOs,control,11,False,SDSS J024825.79+022433.5,Q,2.5429999828338623,5.362240952954293
NGC1073-QSOs,control,11,False,SDSS J024837.49+021652.5,Q,0.6620000004768372,5.115205717292882
NGC7319-QSO,host,-1,False,ChaMP J223551.8+340105,QX,1.0140000581741333,3.5157883603234827
NGC7319-QSO,host,-1,False,ChaMP J223557.6+340353,QX,2.0759999752044678,5.4782063602629565
NGC7319-QSO,host,-1,True,Q 2233+337,QX,2.114000082015991,0.1553157847162571
NGC7319-QSO,control,5,False,SDSS J224202.64+330830.5,A,0.40700000524520874,3.0223394112619517
NGC7319-QSO,control,5,False,SDSS J224205.05+331034.1,Q,2.184000015258789,1.4281660729392178
NGC7319-QSO,control,5,False,SDSS J224205.97+331455.1,Q,2.6730000972747803,4.23868201549327
NGC7319-QSO,control,5,False,SDSS J224221.16+331157.2,Q,2.450000047683716,2.2559318873635883
NGC7319-QSO,control,8,False,SDSS J223923.28+323702.1,Q,1.0679999589920044,5.588925209069379
NGC7319-QSO,control,8,False,SDSS J223959.25+324512.7,Q,0.9020000100135803,5.582643487023955
NGC7319-QSO,control,10,False,SDSS J223454.03+323021.8,A,0.652999997138977,2.104826152329452
NGC7319-QSO,control,10,False,SDSS J223501.42+323211.4,Q,2.444999933242798,2.7746680637040932
NGC7319-QSO,control,10,False,SDSS J223518.29+322855.9,Q,0.6819999814033508,3.2667272465890864
NGC3628-XQSO,host,-1,True,WEE 51,QX,1.4989999532699585,4.18516281357738
NGC3628-XQSO,host,-1,False,1WGA J1120.2+1332,QX,0.9929999709129333,2.9572740736953445
NGC3628-XQSO,host,-1,False,1WGA J1120.4+1340,QX,0.984000027179718,5.51349428278675
NGC3628-XQSO,host,-1,False,1WGA J1120.6+1336,AX,0.40700000524520874,5.62733600484843
NGC3628-XQSO,host,-1,False,WEE 52,QX,2.430000066757202,5.983534599742302
NGC3628-XQSO,control,0,False,SDSS J111455.55+140812.4,Q,0.7360000014305115,5.520672547494606
NGC3628-XQSO,control,0,False,SDSS J111458.88+141418.9,Q,3.2279999256134033,5.543039587621568
NGC3628-XQSO,control,3,False,SDSS J111429.51+125219.0,QX,2.311000108718872,5.577379615352676
NGC3628-XQSO,control,4,False,SDSS J111648.47+121920.5,Q,2.115000009536743,5.310979922960941
NGC3628-XQSO,control,4,False,SDSS J111702.87+121213.8,Q,0.9929999709129333,5.773259076552207
NGC3628-XQSO,control,5,False,SDSS J112607.06+131854.6,Q,2.4230000972747803,4.996705644949128
NGC3628-XQSO,control,5,False,SDSS J112626.48+131818.8,Q,2.609999895095825,4.334839831862151
NGC3628-XQSO,control,6,False,SDSS J112006.70+120207.1,Q,3.1010000705718994,3.4314929550340043
NGC3628-XQSO,control,6,False,SDSS J112015.22+120549.6,Q,3.2260000705718994,3.0019942953057677
NGC3628-XQSO,control,7,False,SDSS J112042.60+120030.0,A,0.5479999780654907,5.290331681651439
NGC3628-XQSO,control,8,False,SDSS J111512.99+123942.6,Q,1.7009999752044678,2.9956559808353647
NGC4258-QSOs,host,-1,False,SDSS J121848.86+471447.8,QX,3.6640000343322754,3.734474128710005
NGC4258-QSOs,host,-1,False,SDSS J121925.80+471631.1,AX,0.7250000238418579,5.074632480966119
NGC4258-QSOs,control,0,False,SDSS J122341.97+483039.7,Q,2.0880000591278076,5.585424411457224
NGC4258-QSOs,control,0,False,SDSS J122425.04+482942.7,QX,1.3849999904632568,1.663833207051474
NGC4258-QSOs,control,0,False,SDSS J122440.78+483232.1,Q,2.8949999809265137,4.732965718106101
NGC4258-QSOs,control,1,False,SDSS J121218.02+482244.3,Q,1.0809999704360962,4.2486416391419075
NGC4258-QSOs,control,1,False,SDSS J121223.14+481910.9,QR,1.5920000076293945,0.5916980189664116
NGC4258-QSOs,control,1,False,SDSS J121230.82+481810.1,Q,2.2119998931884766,1.2228434659033875
NGC4258-QSOs,control,1,False,SDSS J121237.44+481450.8,Q,0.9409999847412109,4.37738554607839
NGC4258-QSOs,control,1,False,SDSS J121257.62+481706.9,Q,1.2079999446868896,5.795433605159772
NGC4258-QSOs,control,2,False,SDSS J121947.90+455048.0,QX,1.0130000114440918,2.6994655895293818
NGC4258-QSOs,control,2,False,SDSS J121949.44+455204.8,QX,1.190999984741211,3.9547307485328487
NGC4258-QSOs,control,2,False,SDSS J121954.44+454718.7,QX,1.190000057220459,2.831364713229873
NGC4258-QSOs,control,2,False,SDSS J121954.66+454827.1,QX,1.6100000143051147,2.6028103121362958
NGC4258-QSOs,control,2,False,SDSS J121958.48+454805.1,QX,2.240000009536743,3.2976732253299454
NGC4258-QSOs,control,2,False,SDSS J122001.50+454619.3,QX,1.1360000371932983,4.383932782635637
NGC4258-QSOs,control,3,False,SDSS J122227.06+455215.8,Q,1.3009999990463257,4.753281642012195
NGC4258-QSOs,control,3,False,SDSS J122309.67+455717.9,Q,1.1610000133514404,5.272771176144982
NGC4258-QSOs,control,4,False,SDSS J121128.28+481014.4,Q,1.4809999465942383,5.4362714398885315
NGC4258-QSOs,control,4,False,SDSS J121136.01+480825.9,Q,0.3700000047683716,5.692720231267098
NGC4258-QSOs,control,5,False,SDSS J122442.81+461326.7,Q,1.809999942779541,5.061941624719585
NGC4258-QSOs,control,5,False,SDSS J122445.33+461738.9,QX,1.100000023841858,5.6156634722629555
NGC4258-QSOs,control,5,False,SDSS J122448.94+461732.5,QX,1.125,5.055202839372591
NGC4258-QSOs,control,5,False,SDSS J122507.64+461703.8,Q,2.3480000495910645,2.8005435954513995
NGC4258-QSOs,control,5,False,SDSS J122517.84+461126.8,QX,0.4309999942779541,3.0950098529924026
NGC4258-QSOs,control,5,False,SDSS J122517.86+461455.0,Q,1.4950000047683716,1.2213675041253138
NGC4258-QSOs,control,5,False,SDSS J122519.24+461904.4,Q,0.6600000262260437,4.903403897961222
NGC4258-QSOs,control,6,False,SDSS J122405.50+460857.7,Q,1.9160000085830688,5.001597823349303
NGC4258-QSOs,control,6,False,SDSS J122414.47+460542.9,Q,1.7380000352859497,4.5118101932847265
NGC4258-QSOs,control,6,False,SDSS J122420.39+460505.1,Q,2.0999999046325684,4.294092284554571
NGC4258-QSOs,control,6,False,SDSS J122430.01+460823.1,QRX,1.3070000410079956,0.7868616554671343
NGC4258-QSOs,control,6,False,SDSS J122442.81+461326.7,Q,1.809999942779541,5.027948397926683
NGC4258-QSOs,control,6,False,SDSS J122459.59+460515.0,Q,1.9010000228881836,5.5388795208917525
NGC4258-QSOs,control,7,False,SDSS J121224.68+482545.0,Q,1.968999981880188,5.246440078801246
NGC4258-QSOs,control,7,False,SDSS J121246.97+482923.2,Q,1.8200000524520874,5.704330278149963
NGC4258-QSOs,control,7,False,SDSS J121310.93+482101.4,Q,0.8320000171661377,3.9503934798012947
NGC4258-QSOs,control,7,False,SDSS J121319.55+482355.3,Q,2.5299999713897705,4.2375619366298025
NGC4258-QSOs,control,8,False,SDSS J121015.54+474536.4,Q,1.6790000200271606,3.6098736959175963
NGC4258-QSOs,control,8,False,SDSS J121017.34+474424.7,Q,0.7110000252723694,4.036708682890479
NGC4258-QSOs,control,8,False,SDSS J121024.41+475128.2,Q,1.715000033378601,4.654920704658484
NGC4258-QSOs,control,8,False,SDSS J121039.59+474554.5,Q,2.1029999256134033,1.4796294346636891
NGC4258-QSOs,control,9,False,SDSS J122604.98+463446.8,Q,1.63100004196167,5.5846792277079365
NGC4258-QSOs,control,9,False,SDSS J122625.64+462957.1,Q,3.1600000858306885,2.074535634275806
NGC4258-QSOs,control,9,False,SDSS J122628.77+463339.9,Q,1.3849999904632568,2.041034345834554
NGC4258-QSOs,control,9,False,SDSS J122639.47+462955.7,Q,2.3369998931884766,2.1838011155187993
NGC4258-QSOs,control,9,False,SDSS J122652.58+463325.3,Q,2.7360000610351562,3.9202302225804933
NGC4258-QSOs,control,10,False,SDSS J121646.32+484140.4,Q,0.843999981880188,5.587081714399553
NGC4258-QSOs,control,10,False,SDSS J121722.29+484642.1,Q,2.1110000610351562,2.716212211181053
NGC4258-QSOs,control,11,False,SDSS J121533.44+455330.9,Q,1.9140000343322754,3.3522915854754523
NGC4258-QSOs,control,11,False,SDSS J121534.12+455048.1,Q,1.0859999656677246,4.4419880402061604
NGC4258-QSOs,control,11,False,SDSS J121536.25+455518.5,Q,2.7179999351501465,3.1882600830864107
NGC4258-QSOs,control,11,False,SDSS J121608.36+455622.7,QX,1.434000015258789,3.718210123136821
NGC2639-QSOs,host,-1,False,SDSS J084355.44+501227.2,Q,2.7639999389648438,2.783509228511921
NGC2639-QSOs,control,0,False,SDSS J084315.12+483839.8,Q,1.8869999647140503,5.174182482968457
NGC2639-QSOs,control,0,False,SDSS J084328.29+484407.7,Q,1.36899995803833,2.324133714710831
NGC2639-QSOs,control,0,False,SDSS J084341.21+484102.0,Q,0.8600000143051147,1.454779360579993
NGC2639-QSOs,control,0,False,SDSS J084345.99+484725.0,Q,2.250999927520752,5.2864749797917305
NGC2639-QSOs,control,0,False,SDSS J084405.04+484219.1,Q,1.0490000247955322,4.588496819015434
NGC2639-QSOs,control,1,False,SDSS J083926.48+513109.1,Q,0.8759999871253967,4.935168946885223
NGC2639-QSOs,control,2,False,SDSS J083410.63+503518.7,Q,0.5590000152587891,3.8997107632078167
NGC2639-QSOs,control,2,False,SDSS J083416.13+503259.4,Q,1.4910000562667847,4.096364080215134
NGC2639-QSOs,control,2,False,SDSS J083422.88+503054.1,Q,1.0850000381469727,5.2450902050015875
NGC2639-QSOs,control,2,False,SDSS J083456.46+503933.4,Q,1.6720000505447388,5.081065202144125
NGC2639-QSOs,control,3,False,SDSS J085228.50+501320.3,QR2,0.8370000123977661,5.117773647228057
NGC2639-QSOs,control,3,False,SDSS J085319.42+501416.1,Q,2.203000068664551,3.1904330075628535
NGC2639-QSOs,control,4,False,SDSS J084418.77+484214.9,Q,1.465000033378601,5.3777535243032295
NGC2639-QSOs,control,4,False,SDSS J084424.61+484145.3,Q,1.5089999437332153,4.548298115200645
NGC2639-QSOs,control,4,False,SDSS J084430.66+483946.9,Q,2.5399999618530273,4.708233347959849
NGC2639-QSOs,control,4,False,SDSS J084433.54+483941.0,Q,1.7020000219345093,4.458580701411247
NGC2639-QSOs,control,4,False,SDSS J084443.70+484752.8,Q,1.4839999675750732,4.9360483224978315
NGC2639-QSOs,control,4,False,SDSS J084516.65+484720.0,Q,1.559999942779541,5.994703698692448
NGC2639-QSOs,control,5,False,SDSS J085015.61+511537.0,Q,1.9179999828338623,5.1484911672186
NGC2639-QSOs,control,5,False,SDSS J085034.04+511303.7,Q,1.4040000438690186,1.314249560398559
NGC2639-QSOs,control,5,False,SDSS J085042.81+511153.7,QX,2.5329999923706055,0.5952451217606304
NGC2639-QSOs,control,5,False,SDSS J085051.18+510636.3,Q,3.513000011444092,5.729747559617565
NGC2639-QSOs,control,5,False,SDSS J085057.92+511128.9,Q,1.6349999904632568,2.998788484797583
NGC2639-QSOs,control,6,False,SDSS J085149.99+492920.7,Q,3.571000099182129,0.3235014227606353
NGC2639-QSOs,control,7,False,SDSS J084308.30+514511.0,Q,1.2690000534057617,4.426660470336222
NGC2639-QSOs,control,7,False,SDSS J084328.61+514331.3,Q,1.6490000486373901,1.2219740284620877
NGC2639-QSOs,control,7,False,SDSS J084329.63+514638.7,Q,2.0320000648498535,4.322439404427386
NGC2639-QSOs,control,7,False,SDSS J084330.53+514654.9,Q,1.7580000162124634,4.592183442252984
NGC2639-QSOs,control,7,False,SDSS J084331.16+514453.2,Q,1.996000051498413,2.5693651058516545
NGC2639-QSOs,control,7,False,SDSS J084336.45+514758.7,Q,1.3109999895095825,5.740270789427945
NGC2639-QSOs,control,7,False,SDSS J084356.36+514414.0,Q,2.3010001182556152,4.489942184133047
NGC2639-QSOs,control,8,False,SDSS J084224.92+514501.1,QRX,0.796999990940094,4.895585599008395
NGC2639-QSOs,control,8,False,SDSS J084236.32+514730.3,Q,2.0269999504089355,5.886571841796743
NGC2639-QSOs,control,8,False,SDSS J084250.72+514529.3,Q,1.2920000553131104,3.491674102696319
NGC2639-QSOs,control,8,False,SDSS J084308.30+514511.0,Q,1.2690000534057617,4.280414292874456
NGC2639-QSOs,control,9,False,SDSS J083545.54+491532.5,Q,0.5410000085830688,4.617828044477939
NGC2639-QSOs,control,9,False,SDSS J083614.69+491724.5,Q,2.299999952316284,1.3166150751478118
NGC2639-QSOs,control,9,False,SDSS J083617.59+491333.6,Q,1.0240000486373901,4.91949438147312
NGC2639-QSOs,control,9,False,SDSS J083625.08+491617.6,Q,0.9179999828338623,3.3403540907507425
NGC2639-QSOs,control,10,False,SDSS J084800.58+513106.1,Q,1.3899999856948853,3.363124413040341
NGC2639-QSOs,control,11,False,SDSS J084250.72+514529.3,Q,1.2920000553131104,4.487255294337434
NGC2639-QSOs,control,11,False,SDSS J084308.30+514511.0,Q,1.2690000534057617,2.9794745216636955
NGC2639-QSOs,control,11,False,SDSS J084328.61+514331.3,Q,1.6490000486373901,3.077708853889188
NGC2639-QSOs,control,11,False,SDSS J084329.63+514638.7,Q,2.0320000648498535,5.3113518386101015
NGC2639-QSOs,control,11,False,SDSS J084330.53+514654.9,Q,1.7580000162124634,5.61371066453393
NGC2639-QSOs,control,11,False,SDSS J084331.16+514453.2,Q,1.996000051498413,4.14977676200823
NGC1097-jetQSOs,control,0,False,2QZ J025244.0-300216,K,0.1940000057220459,5.709667521047622
NGC1097-jetQSOs,control,0,False,2QZ J025314.9-300348,Q,2.0950000286102295,2.1041889980430604
NGC1097-jetQSOs,control,0,False,2QZ J025330.0-295912,Q,1.5290000438690186,5.043626949244635
NGC1097-jetQSOs,control,1,False,2QZ J025151.5-292325,Q,2.303999900817871,2.9651597532695115
NGC1097-jetQSOs,control,2,False,2QZ J024735.3-284354,Q,2.1070001125335693,4.104588753461166
NGC1097-jetQSOs,control,2,False,2QZ J024749.6-285228,Q,1.003000020980835,5.503389275155916
NGC1097-jetQSOs,control,3,False,2QZ J025151.5-292325,Q,2.303999900817871,4.906462349149181
NGC1097-jetQSOs,control,3,False,2QZ J025224.5-293116,Q,0.7170000076293945,5.737930395706535
NGC1097-jetQSOs,control,4,False,2QZ J024114.7-290722,Q,1.2050000429153442,5.617970874306056
NGC1097-jetQSOs,control,4,False,2QZ J024126.1-291422,K,0.15299999713897705,2.0051924847974427
NGC1097-jetQSOs,control,4,False,2QZ J024138.5-291128,Q,2.247999906539917,2.7627140537569637
NGC1097-jetQSOs,control,6,False,2QZ J025244.0-300216,K,0.1940000057220459,5.737344916788268
NGC1097-jetQSOs,control,6,False,2QZ J025314.9-300348,Q,2.0950000286102295,1.8913599154409617
NGC1097-jetQSOs,control,6,False,2QZ J025330.0-295912,Q,1.5290000438690186,5.1376167513572275
NGC1097-jetQSOs,control,7,False,2QZ J025039.7-290351,Q,0.9810000061988831,4.072511278384703
NGC1097-jetQSOs,control,8,False,2QZ J024211.4-313318,Q,1.8020000457763672,4.089168390608121
NGC1097-jetQSOs,control,8,False,2QZ J024217.7-313218,Q,0.746999979019165,2.45689440719426
NGC1097-jetQSOs,control,8,False,2QZ J024218.9-313632,Q,1.590000033378601,5.442282398015867
NGC1097-jetQSOs,control,9,False,2QZ J025039.7-290351,Q,0.9810000061988831,2.2973253978043737
NGC1097-jetQSOs,control,9,False,2QZ J025047.9-290111,Q,1.628999948501587,5.223889592092971
NGC1097-jetQSOs,control,11,False,2QZ J025039.7-290351,Q,0.9810000061988831,4.397151538123982
NGC1232-NGC1232A,control,0,False,UM 682,Q,2.75600004196167,5.506513377330754
NGC3516-Qchain,host,-1,True,1WGA J1107.7+7232,QRX,2.0999999046325684,4.341761750357842
