sp_id,z_claim,alt_z,n_claimed,n_alt,sep_arcsec,z_gal,T_at_altz,ra_q,dec_q
5398-56011-0424,3.17464,1.948,3,2,80.941251,0.0045331360537428,,184.856689,14.887873
3793-55214-0045,6.08537,2.018,0,3,96.552403,0.0052369562946109,-0.1948627382516861,191.821127,-2.700729
5367-55986-0910,3.74239,2.804,4,3,78.947161,0.0050067970689242,,170.740161,16.571829
6801-56487-0931,3.0151,0.3,1,3,79.037076,0.0054938006479135,,211.262559,55.74184
4711-55737-0566,3.27144,2.286,4,4,82.056531,0.0179690978083244,,210.057704,38.905001
4656-55828-0558,3.49669,2.009,3,2,45.741667,0.0152038514591317,,28.238319,12.700732
5768-56017-0792,3.29389,2.453,2,4,60.458497,0.0276624704147827,0.2949143052101135,139.222273,20.187969
7083-56722-0298,3.95707,2.868,2,3,85.687078,0.0058874062802473,0.16854318976402283,158.288348,64.730878
4545-55567-0840,3.07568,1.785,4,4,83.341505,0.0184294162596979,,26.34938,10.54572
5986-56328-0174,3.16279,0.001,3,2,67.349497,0.0232627599991191,,191.279182,23.038582
10727-58197-0558,3.02377,2.093,3,4,81.276408,0.0332363264455438,0.24317729473114014,243.608612,35.131714
4060-55359-0894,3.31119,2.501,2,4,61.236168,0.008122285718075,0.2383829951286316,246.850905,19.580241
9557-58098-0281,3.64111,2.93,4,2,76.793043,0.02851639449849,,132.996108,16.925699
4396-55829-0622,3.21405,2.374,3,4,86.061791,0.0132324876565106,0.2820758521556854,32.268707,-7.059925
5008-55744-0278,3.54416,0.076,2,4,91.561268,0.0330095028608091,,243.222571,27.978489
7058-56593-0472,3.05952,1.987,1,3,94.518073,0.0295637857574122,0.06141341105103493,41.408902,-8.203494
4659-55587-0707,3.04189,0.283,3,3,74.507647,0.0262414873692386,,27.310927,12.870077
11288-58401-0002,3.62891,1.925,1,2,79.805441,0.0187930011234638,,353.772682,4.956506
5051-56214-0516,3.22932,1.97,2,3,91.462384,0.0264616396720694,,342.592869,11.564599
7863-56975-0744,3.13406,1.97,1,2,84.043056,0.0181692362654433,,3.003392,-0.407005
7873-57307-0876,6.33838,1.977,0,2,73.374395,0.0178857067845249,,16.087655,-0.776148
3940-55327-0074,3.23224,2.028,2,3,62.374325,0.0332463333683998,0.1779964715242386,240.957496,25.004209
8214-57867-0098,3.49096,1.91,3,3,79.803252,0.0084058151989934,,186.292431,54.527879
6142-56219-0914,3.2292,1.968,2,2,47.844887,0.014603436087775,,350.004359,15.941384
4559-55597-0704,3.15439,1.997,1,2,56.611043,0.025987978656888,0.08604149520397186,157.449091,39.026818
11084-58427-0577,3.11161,1.383,1,2,73.211432,0.0313283398210104,,112.563777,24.346499
5389-55953-0613,4.41999,3.224,2,4,66.426746,0.0204274651899348,0.1770116537809372,180.018093,8.163834
5135-55862-0205,3.77063,2.143,1,2,66.615862,0.0281227888661562,-0.03179400414228439,21.442476,18.192085
6483-56341-0024,3.20683,2.38,2,3,68.539731,0.0216649879831199,0.23640568554401398,197.135132,28.31827
6706-56385-0494,3.40864,2.005,2,2,61.901479,0.0246603935579993,,162.442106,51.877204
6435-56341-0688,3.16586,1.975,2,3,82.746149,0.033206305676976,,166.835155,28.506318
7699-57574-0800,3.199,1.681,2,3,55.983228,0.0332163125998319,,354.938694,27.379661
5432-56008-0366,3.27952,1.714,2,3,88.717851,0.0243968779227928,,202.171922,11.583838
9395-58113-0468,4.18863,1.967,0,1,25.15301,0.0275123665719435,,20.804328,-0.647602
3957-55664-0838,3.11081,2.145,0,3,96.272279,0.0210845864574751,0.34912145137786865,227.07599,19.193692
4258-55481-0290,3.17917,2.005,4,3,28.778888,0.0226590089868104,,41.358134,2.886306
6593-56270-0133,3.23741,2.472,1,3,29.944034,0.0195635341833716,0.2899801731109619,16.325986,31.674283
9361-58055-0867,6.47357,2.071,0,1,55.778183,0.0255009750778987,0.04539582133293152,125.161886,40.29339
3691-55274-0218,4.3443,1.948,3,4,68.171163,0.0230459433372403,,123.171385,44.358067
4549-55556-0222,3.02145,1.929,2,3,65.774191,0.0143365848116165,,24.585281,7.552332
5343-55999-0655,3.38456,1.984,3,4,95.990972,0.0323190251837489,0.08655966073274612,157.140575,12.709384
4750-55630-0684,3.90231,2.922,2,4,48.133064,0.0067179808772907,0.29765844345092773,184.285844,3.669891
5186-56337-0488,3.1853,1.967,2,2,26.947614,0.0256377363569299,,131.041604,33.509364
7764-58042-0834,3.37637,1.974,0,2,67.598224,0.0217750641345353,,347.366671,32.659027
11087-58488-0862,3.18541,0.033,3,3,79.707635,0.0141397819954496,,133.991637,18.152751
6420-56304-0904,3.33059,2.32,2,3,95.999117,0.0256844353302577,0.24493786692619324,170.541428,24.293781
6064-56097-0665,4.92859,1.964,0,2,80.04643,0.0276724773376386,,257.548784,42.380715
6505-56560-0434,4.3904,1.039,0,3,82.091692,0.0221052925887815,,343.703217,32.315919
6003-56311-0136,3.12906,1.94,1,3,76.724332,0.0289366852584396,,205.458092,26.99239
5487-55982-0596,4.45089,1.966,0,2,34.419222,0.0316619039162085,,227.487832,9.397043
6490-56330-0827,3.2299,2.056,2,4,66.171075,0.0182726411349547,0.24138545989990234,200.115146,32.019437
5470-56008-0611,3.03789,2.183,3,4,21.849713,0.0288933219260639,0.4145144820213318,219.859689,11.924567
9344-58038-0329,3.60368,1.965,0,2,49.711978,0.0293669829412453,,2.555412,-4.711075
5456-55980-0276,3.14989,2.103,2,2,96.212559,0.0319988036523587,,213.542083,10.592812
6461-56329-0432,3.74716,1.97,1,4,86.603053,0.0217617215707274,-0.06521371006965637,151.710312,31.455705
7393-56749-0094,4.06274,1.967,0,2,99.886183,0.0206109254422938,-0.2405385971069336,167.153395,45.111377
10256-58193-0917,3.8457,1.134,2,3,83.914858,0.0265416950549169,,206.528626,36.578913
5422-55986-0957,3.2257,2.425,3,4,81.274364,0.0249672725255816,0.25167518854141235,198.857226,13.084129
4509-55574-0520,3.46603,2.417,3,3,49.889782,0.032295675697085,,122.132219,11.186284
10429-58145-0129,4.65395,2.603,1,2,82.164694,0.0265984009511006,0.11222661286592484,144.214017,31.066196
6483-56341-0306,3.10048,2.007,2,3,51.836295,0.024727106377039,0.103049136698246,195.661384,28.359054
5873-56035-0283,6.3705,1.931,2,3,25.965305,0.0269219581234428,,157.367444,19.628402
9352-57805-0212,3.01811,2.105,1,2,84.970176,0.0166948829646675,0.03918666020035744,119.675469,32.838393
6431-56311-0420,3.7683,2.783,1,3,77.23384,0.0201739564775842,0.22882598638534546,173.173595,20.460137
5160-55895-0232,3.51889,2.024,2,2,82.749028,0.0147201835210944,,128.893687,46.474331
6138-56598-0083,6.55773,2.273,1,3,59.070604,0.0220852787430696,0.4968791902065277,356.758533,14.856601
5351-55952-0025,3.05902,1.94,1,2,36.012115,0.0263682417254139,,162.975923,10.089584
10654-58429-0631,4.03684,1.955,0,2,88.104823,0.0207910500537008,,115.017158,49.118821
4702-55618-0684,3.94221,1.978,1,2,35.696926,0.0289100001308238,0.11835553497076035,189.577335,42.206491
5319-55953-0898,3.24707,0.003,3,4,94.375587,0.0258278678911929,,146.965309,9.138316
6403-56357-0066,3.5594,1.978,2,2,77.108477,0.0226690159096664,,178.919558,29.939049
4453-55535-0406,3.30073,1.324,2,2,97.930948,0.0267985394082195,,118.32042,27.487679
7404-56776-0484,3.12919,1.054,1,3,91.254572,0.0248538607332143,,177.039992,46.156846
5114-55883-0642,3.15614,2.374,3,4,34.249397,0.0161645160533024,0.45711466670036316,30.070623,24.247008
6606-56596-0922,3.18675,0.029,2,3,97.348412,0.0291901939707902,,34.116847,32.020865
9143-57665-0036,3.53136,1.949,3,3,38.028704,0.0271954806815053,,327.70538,-0.856006
7608-56945-0982,3.82127,2.028,0,2,86.92183,0.026158096345439,0.2462262660264969,346.394328,19.184972
5015-55707-0990,3.3578,0.326,3,3,30.864309,0.0140563909716501,,260.009037,24.930245
9360-58055-0751,3.7352,0.991,0,4,38.997238,0.0282862352728032,,121.351881,40.187629
5975-56334-0100,3.02651,2.133,2,3,30.360694,0.0245102897151602,0.22735653817653656,185.224258,24.673323
6517-56563-0636,3.44023,1.989,4,3,54.108492,0.0277258475928704,,357.739283,27.230748
7584-56957-0681,3.22073,0.369,1,3,90.109859,0.0237097358866846,,340.462957,20.277897
6515-56536-0176,3.50382,1.876,1,3,79.438533,0.0281294601480601,,356.931148,27.531048
7089-56661-0904,3.23392,1.996,1,3,71.657133,0.0305944988115745,0.14677956700325012,158.995579,60.627904
8826-57452-0374,3.99235,0.242,1,2,53.644792,0.0218184274669111,,153.442357,38.37072
10758-58220-0835,4.665,1.026,0,3,78.163293,0.0247471202227509,,214.874436,36.152498
5046-56243-0856,3.39262,2.008,3,2,87.27039,0.0085659259646885,,344.782173,13.619493
7128-56567-0442,3.0979,0.338,2,3,92.834739,0.0203740949347031,,4.553051,29.926853
5719-56014-0856,3.21895,1.995,2,3,69.086683,0.0309981113667642,0.3298623561859131,149.214155,59.96881
